tid,pris_sek_per_kwh,är_dyrt
2026-09-24T00:00:00+02:00,1.14568,False
2026-09-24T00:15:00+02:00,1.4087,False
2026-09-24T00:30:00+02:00,1.34877,False
2026-09-24T00:45:00+02:00,1.31802,False
2026-09-24T01:00:00+02:00,1.17361,False
2026-09-24T01:15:00+02:00,1.15942,False
2026-09-24T01:30:00+02:00,1.17722,False
2026-09-24T01:45:00+02:00,1.18037,False
2026-09-24T02:00:00+02:00,1.25089,False
2026-09-24T02:15:00+02:00,1.22194,False
2026-09-24T02:30:00+02:00,1.21676,False
2026-09-24T02:45:00+02:00,1.1904,False
2026-09-24T03:00:00+02:00,1.13543,False
2026-09-24T03:15:00+02:00,1.13239,False
2026-09-24T03:30:00+02:00,1.1147,False
2026-09-24T03:45:00+02:00,1.09848,False
2026-09-24T04:00:00+02:00,1.10209,False
2026-09-24T04:15:00+02:00,1.10411,False
2026-09-24T04:30:00+02:00,1.10682,False
2026-09-24T04:45:00+02:00,1.16517,False
2026-09-24T05:00:00+02:00,1.20459,False
2026-09-24T05:15:00+02:00,1.27454,False
2026-09-24T05:30:00+02:00,1.32613,False
2026-09-24T05:45:00+02:00,1.39045,False
2026-09-24T06:00:00+02:00,1.34539,False
2026-09-24T06:15:00+02:00,1.55581,True
2026-09-24T06:30:00+02:00,1.69233,True
2026-09-24T06:45:00+02:00,1.85848,True
2026-09-24T07:00:00+02:00,1.90669,True
2026-09-24T07:15:00+02:00,1.97191,True
2026-09-24T07:30:00+02:00,2.03859,True
2026-09-24T07:45:00+02:00,2.00851,True
2026-09-24T08:00:00+02:00,2.06348,True
2026-09-24T08:15:00+02:00,2.04208,True
2026-09-24T08:30:00+02:00,2.02259,True
2026-09-24T08:45:00+02:00,1.98193,True
2026-09-24T09:00:00+02:00,1.98114,True
2026-09-24T09:15:00+02:00,1.9077,True
2026-09-24T09:30:00+02:00,1.83246,True
2026-09-24T09:45:00+02:00,1.75608,True
2026-09-24T10:00:00+02:00,1.85848,True
2026-09-24T10:15:00+02:00,1.68951,True
2026-09-24T10:30:00+02:00,1.56673,True
2026-09-24T10:45:00+02:00,1.45251,False
2026-09-24T11:00:00+02:00,1.58847,True
2026-09-24T11:15:00+02:00,1.58768,True
2026-09-24T11:30:00+02:00,1.49295,False
2026-09-24T11:45:00+02:00,1.47561,False
2026-09-24T12:00:00+02:00,1.54409,True
2026-09-24T12:15:00+02:00,1.49228,False
2026-09-24T12:30:00+02:00,1.46434,False
2026-09-24T12:45:00+02:00,1.46186,False
2026-09-24T13:00:00+02:00,1.45803,False
2026-09-24T13:15:00+02:00,1.44835,False
2026-09-24T13:30:00+02:00,1.43303,False
2026-09-24T13:45:00+02:00,1.4274,False
2026-09-24T14:00:00+02:00,1.44891,False
2026-09-24T14:15:00+02:00,1.43483,False
2026-09-24T14:30:00+02:00,1.44057,False
2026-09-24T14:45:00+02:00,1.4399,False
2026-09-24T15:00:00+02:00,1.33086,False
2026-09-24T15:15:00+02:00,1.3428,False
2026-09-24T15:30:00+02:00,1.38335,False
2026-09-24T15:45:00+02:00,1.40858,False
2026-09-24T16:00:00+02:00,1.43888,False
2026-09-24T16:15:00+02:00,1.4622,False
2026-09-24T16:30:00+02:00,1.53317,True
2026-09-24T16:45:00+02:00,1.69897,True
2026-09-24T17:00:00+02:00,1.66349,True
2026-09-24T17:15:00+02:00,1.85521,True
2026-09-24T17:30:00+02:00,2.04141,True
2026-09-24T17:45:00+02:00,2.22693,True
2026-09-24T18:00:00+02:00,2.02102,True
2026-09-24T18:15:00+02:00,2.26545,True
2026-09-24T18:30:00+02:00,2.42833,True
2026-09-24T18:45:00+02:00,2.56001,True
2026-09-24T19:00:00+02:00,2.40896,True
2026-09-24T19:15:00+02:00,2.52374,True
2026-09-24T19:30:00+02:00,2.46652,True
2026-09-24T19:45:00+02:00,2.4468,True
2026-09-24T20:00:00+02:00,2.44917,True
2026-09-24T20:15:00+02:00,2.43633,True
2026-09-24T20:30:00+02:00,2.41019,True
2026-09-24T20:45:00+02:00,2.32988,True
2026-09-24T21:00:00+02:00,2.19877,True
2026-09-24T21:15:00+02:00,1.92786,True
2026-09-24T21:30:00+02:00,1.75721,True
2026-09-24T21:45:00+02:00,1.6128,True
2026-09-24T22:00:00+02:00,1.87188,True
2026-09-24T22:15:00+02:00,1.57225,True
2026-09-24T22:30:00+02:00,1.43348,False
2026-09-24T22:45:00+02:00,1.3535,False
2026-09-24T23:00:00+02:00,1.44159,False
2026-09-24T23:15:00+02:00,1.33987,False
2026-09-24T23:30:00+02:00,1.29684,False
2026-09-24T23:45:00+02:00,1.27972,False
